Workbook

Sheet Products
A1: ProductID | B1: ProductName | C1: Category | D1: UnitSize | E1: UnitType | F1: BaseUnit | G1: Active | H1: Brand
A2: P001 | B2: Milk | C2: Dairy | D2: 1 | E2: Gallon | F2: gallon | G2: TRUE | H2: Generic
A3: P002 | B3: Eggs | C3: Dairy | D3: 12 | E3: Count | F3: egg | G3: TRUE | H3: Generic
A4: P003 | B4: Butter | C4: Dairy | D4: 1 | E4: Pound | F4: lb | G4: TRUE | H4: Generic
A5: P004 | B5: Cheddar Cheese | C5: Dairy | D5: 16 | E5: Ounce | F5: lb | G5: TRUE | H5: Generic
A6: P005 | B6: Greek Yogurt | C6: Dairy | D6: 32 | E6: Ounce | F6: oz | G6: TRUE | H6: Generic
A7: P006 | B7: White Bread | C7: Bakery | D7: 20 | E7: Ounce | F7: oz | G7: TRUE | H7: Generic
A8: P007 | B8: Wheat Bread | C8: Bakery | D8: 20 | E8: Ounce | F8: oz | G8: TRUE | H8: Generic
A9: P008 | B9: Hamburger Buns | C9: Bakery | D9: 8 | E9: Count | F9: count | G9: TRUE | H9: Generic
A10: P009 | B10: Bananas | C10: Produce | D10: 1 | E10: Pound | F10: lb | G10: TRUE | H10: Generic
A11: P010 | B11: Gala Apples | C11: Produce | D11: 1 | E11: Pound | F11: lb | G11: TRUE | H11: Generic
A12: P011 | B12: Avocados | C12: Produce | D12: 1 | E12: Each | F12: each | G12: TRUE | H12: Generic
A13: P012 | B13: Tomatoes | C13: Produce | D13: 1 | E13: Pound | F13: lb | G13: TRUE | H13: Generic
... A31: P030 | B31: Toilet Paper | C31: Household | D31: 12 | E31: Roll | F31: roll | G31: TRUE | H31: Generic

Sheet Stores
A1: StoreID | B1: StoreName | C1: City | D1: State | E1: Active
A2: S001 | B2: Fry's | C2: Chandler | D2: AZ | E2: TRUE
A3: S002 | B3: Walmart | C3: Chandler | D3: AZ | E3: TRUE
A4: S003 | B4: Safeway | C4: Chandler | D4: AZ | E4: TRUE
A5: S004 | B5: Albertsons | C5: Chandler | D5: AZ | E5: TRUE

Sheet Prices
A1: ProductID | B1: StoreID | C1: Price | D1: PackageSize | E1: StartDate | F1: EndDate | G1: PromoType | H1: LoyaltyRequired | I1: Notes | J1: UnitPrice | K1: LastUpdated
A2: P001 | B2: S001 | C2: 3.19 | K2: 2026-06-04
A3: P001 | B3: S002 | C3: 2.58 | K3: 2026-06-04
A4: P001 | B4: S003 | K4: 2026-06-04
A5: P001 | B5: S004 | K5: 2026-06-04
A6: P002 | B6: S001 | C6: 2.09 | K6: 2026-06-04
A7: P002 | B7: S002 | C7: 1.47 | K7: 2026-06-04
A8: P002 | B8: S003 | K8: 2026-06-04
A9: P002 | B9: S004 | K9: 2026-06-04
A10: P003 | B10: S001 | C10: 3.49 | K10: 2026-06-04
A11: P003 | B11: S002 | C11: 3.06 | K11: 2026-06-04
A12: P003 | B12: S003 | K12: 2026-06-04
A13: P003 | B13: S004 | K13: 2026-06-04
A14: P004 | B14: S001 | C14: 3.69 | K14: 2026-06-04
A15: P004 | B15: S002 | C15: 3.58 | K15: 2026-06-04
A16: P004 | B16: S003 | K16: 2026-06-04
A17: P004 | B17: S004 | K17: 2026-06-04
A18: P005 | B18: S001 | C18: 4.99 | K18: 2026-06-04
A19: P005 | B19: S002 | C19: 3.28 | K19: 2026-06-04
A20: P005 | B20: S003 | K20: 2026-06-04
A21: P005 | B21: S004 | K21: 2026-06-04
A22: P006 | B22: S001 | C22: 1.99 | K22: 2026-06-04
A23: P006 | B23: S002 | C23: 2.47 | K23: 2026-06-04
A24: P006 | B24: S003 | K24: 2026-06-04
A25: P006 | B25: S004 | K25: 2026-06-04
A26: P007 | B26: S001 | C26: 1.99 | K26: 2026-06-04
A27: P007 | B27: S002 | C27: 1.97 | K27: 2026-06-04
A28: P007 | B28: S003 | K28: 2026-06-04
A29: P007 | B29: S004 | K29: 2026-06-04
A30: P008 | B30: S001 | K30: 2026-06-04
A31: P008 | B31: S002 | C31: 1.99 | K31: 2026-06-04
A32: P008 | B32: S003 | C32: 1.48 | K32: 2026-06-04
A33: P008 | B33: S004 | K33: 2026-06-04
A34: P009 | B34: S001 | C34: 0.29 | K34: 2026-06-04
A35: P009 | B35: S002 | C35: 0.5 | K35: 2026-06-04
A36: P009 | B36: S003 | K36: 2026-06-04
A37: P009 | B37: S004 | K37: 2026-06-04
A38: P010 | B38: S001 | C38: 3.99 | D38: 3 | J38: =C38/D38 -> 1.33 | K38: 2026-06-04
A39: P010 | B39: S002 | C39: 3.24 | D39: 3 | J39: =C39/D39 -> 1.08 | K39: 2026-06-04
A40: P010 | B40: S003 | D40: 3 | K40: 2026-06-04
A41: P010 | B41: S004 | D41: 3 | K41: 2026-06-04
A42: P011 | B42: S001 | C42: 2.5 | K42: 2026-06-04
A43: P011 | B43: S002 | C43: 0.99 | K43: 2026-06-04
A44: P011 | B44: S003 | K44: 2026-06-04
A45: P011 | B45: S004 | K45: 2026-06-04
A46: P012 | B46: S001 | C46: 1.49 | K46: 2026-06-04
A47: P012 | B47: S002 | C47: 0.97 | K47: 2026-06-04
A48: P012 | B48: S003 | K48: 2026-06-04
A49: P012 | B49: S004 | K49: 2026-06-04
A50: P013 | B50: S001 | C50: 2.49 | K50: 2026-06-04
A51: P013 | B51: S002 | C51: 2.28 | K51: 2026-06-04
A52: P013 | B52: S003 | K52: 2026-06-04
A53: P013 | B53: S004 | K53: 2026-06-04
A54: P014 | B54: S001 | C54: 0.79 | K54: 2026-06-04
A55: P014 | B55: S002 | C55: 1 | K55: 2026-06-04
A56: P014 | B56: S003 | K56: 2026-06-04
A57: P014 | B57: S004 | K57: 2026-06-04
A58: P015 | B58: S001 | C58: 6.99 | K58: 2026-06-04
A59: P015 | B59: S002 | C59: 2.57 | K59: 2026-06-04
A60: P015 | B60: S003 | K60: 2026-06-04
A61: P015 | B61: S004 | K61: 2026-06-04
A62: P016 | B62: S001 | C62: 7.99 | K62: 2026-06-04
A63: P016 | B63: S002 | C63: 7.97 | K63: 2026-06-04
A64: P016 | B64: S003 | K64: 2026-06-04
A65: P016 | B65: S004 | K65: 2026-06-04
A66: P017 | B66: S001 | C66: 3.99 | K66: 2026-06-04
A67: P017 | B67: S002 | C67: 3.94 | K67: 2026-06-04
A68: P017 | B68: S003 | K68: 2026-06-04
A69: P017 | B69: S004 | K69: 2026-06-04
A70: P018 | B70: S001 | C70: 12.99 | D70: 1 | J70: =C70/D70 -> 12.99 | K70: 2026-06-04
A71: P018 | B71: S002 | C71: 5.97 | D71: 1 | J71: =C71/D71 -> 5.97 | K71: 2026-06-04
A72: P018 | B72: S003 | D72: 1 | K72: 2026-06-04
A73: P018 | B73: S004 | D73: 1 | K73: 2026-06-04
A74: P019 | B74: S001 | C74: 5.99 | K74: 2026-06-04
A75: P019 | B75: S002 | C75: 3.37 | K75: 2026-06-04
A76: P019 | B76: S003 | K76: 2026-06-04
A77: P019 | B77: S004 | K77: 2026-06-04
A78: P020 | B78: S001 | C78: 1.59 | K78: 2026-06-04
A79: P020 | B79: S002 | C79: 0.98 | K79: 2026-06-04
A80: P020 | B80: S003 | K80: 2026-06-04
A81: P020 | B81: S004 | K81: 2026-06-04
A82: P021 | B82: S001 | C82: 2.29 | K82: 2026-06-04
A83: P021 | B83: S002 | C83: 1.98 | K83: 2026-06-04
A84: P021 | B84: S003 | K84: 2026-06-04
A85: P021 | B85: S004 | K85: 2026-06-04
A86: P022 | B86: S001 | C86: 4.49 | K86: 2026-06-04
A87: P022 | B87: S002 | C87: 3.94 | K87: 2026-06-04
A88: P022 | B88: S003 | K88: 2026-06-04
A89: P022 | B89: S004 | K89: 2026-06-04
A90: P023 | B90: S001 | C90: 1 | K90: 2026-06-04
A91: P023 | B91: S002 | C91: 1.14 | K91: 2026-06-04
A92: P023 | B92: S003 | K92: 2026-06-04
A93: P023 | B93: S004 | K93: 2026-06-04
A94: P024 | B94: S001 | C94: 1 | K94: 2026-06-04
A95: P024 | B95: S002 | C95: 1.92 | K95: 2026-06-04
A96: P024 | B96: S003 | K96: 2026-06-04
A97: P024 | B97: S004 | K97: 2026-06-04
A98: P025 | B98: S001 | C98: 11.99 | K98: 2026-06-04
A99: P025 | B99: S002 | C99: 6.28 | K99: 2026-06-04
A100: P025 | B100: S003 | K100: 2026-06-04
...

Sheet Dashboard
A1: CartCompass MVP Dashboard
A3: Metric | B3: Value
A4: Products Compared | B4: 30
A5: Stores Compared | B5: 2
A6: Status | B6: Fry's + Walmart Loaded
A9: Product | B9: Fry's | C9: Walmart | D9: Winner
A10: Milk | B10: 3.19 | C10: 2.58 | D10: Walmart
A11: Eggs | B11: 2.09 | C11: 1.47 | D11: Walmart
A12: Butter | B12: 3.49 | C12: 3.06 | D12: Walmart
A13: Cheddar Cheese | B13: 3.69 | C13: 3.58 | D13: Walmart
A14: White Bread | B14: 1.99 | C14: 2.47 | D14: Fry's

Sheet Dashboard_Auto
A1: CartCompass Automated Dashboard
A3: ProductID | B3: Product | C3: Fry's | D3: Walmart | E3: Winner
A4: P001 | B4: Milk | C4: =SUMIFS(Prices!C:C,Prices!A:A,A4,Prices!B:B,"S001") -> 3.19 | D4: =SUMIFS(Prices!C:C,Prices!A:A,A4,Prices!B:B,"S002") -> 2.58 | E4: =IF(C4=D4,"Tie",IF(C4<D4,"Fry's","Walmart")) -> Walmart
A5: P002 | B5: Eggs | C5: =SUMIFS(Prices!C:C,Prices!A:A,A5,Prices!B:B,"S001") -> 2.09 | D5: =SUMIFS(Prices!C:C,Prices!A:A,A5,Prices!B:B,"S002") -> 1.47 | E5: =IF(C5=D5,"Tie",IF(C5<D5,"Fry's","Walmart")) -> Walmart
A6: P003 | B6: Butter | C6: =SUMIFS(Prices!C:C,Prices!A:A,A6,Prices!B:B,"S001") -> 3.49 | D6: =SUMIFS(Prices!C:C,Prices!A:A,A6,Prices!B:B,"S002") -> 3.06 | E6: =IF(C6=D6,"Tie",IF(C6<D6,"Fry's","Walmart")) -> Walmart
A7: P004 | B7: Cheddar Cheese | C7: =SUMIFS(Prices!C:C,Prices!A:A,A7,Prices!B:B,"S001") -> 3.69 | D7: =SUMIFS(Prices!C:C,Prices!A:A,A7,Prices!B:B,"S002") -> 3.58 | E7: =IF(C7=D7,"Tie",IF(C7<D7,"Fry's","Walmart")) -> Walmart
A8: P005 | B8: Greek Yogurt | C8: =SUMIFS(Prices!C:C,Prices!A:A,A8,Prices!B:B,"S001") -> 4.99 | D8: =SUMIFS(Prices!C:C,Prices!A:A,A8,Prices!B:B,"S002") -> 3.28 | E8: =IF(C8=D8,"Tie",IF(C8<D8,"Fry's","Walmart")) -> Walmart
A9: P006 | B9: White Bread | C9: =SUMIFS(Prices!C:C,Prices!A:A,A9,Prices!B:B,"S001") -> 1.99 | D9: =SUMIFS(Prices!C:C,Prices!A:A,A9,Prices!B:B,"S002") -> 2.47 | E9: =IF(C9=D9,"Tie",IF(C9<D9,"Fry's","Walmart")) -> Fry's
A10: P007 | B10: Wheat Bread | C10: =SUMIFS(Prices!C:C,Prices!A:A,A10,Prices!B:B,"S001") -> 1.99 | D10: =SUMIFS(Prices!C:C,Prices!A:A,A10,Prices!B:B,"S002") -> 1.97 | E10: =IF(C10=D10,"Tie",IF(C10<D10,"Fry's","Walmart")) -> Walmart
A11: P008 | B11: Hamburger Buns | C11: =SUMIFS(Prices!C:C,Prices!A:A,A11,Prices!B:B,"S001") -> 0 | D11: =SUMIFS(Prices!C:C,Prices!A:A,A11,Prices!B:B,"S002") -> 1.99 | E11: =IF(C11=D11,"Tie",IF(C11<D11,"Fry's","Walmart")) -> Fry's
A12: P009 | B12: Bananas | C12: =SUMIFS(Prices!C:C,Prices!A:A,A12,Prices!B:B,"S001") -> 0.29 | D12: =SUMIFS(Prices!C:C,Prices!A:A,A12,Prices!B:B,"S002") -> 0.5 | E12: =IF(C12=D12,"Tie",IF(C12<D12,"Fry's","Walmart")) -> Fry's
A13: P010 | B13: Gala Apples | C13: =SUMIFS(Prices!C:C,Prices!A:A,A13,Prices!B:B,"S001") -> 3.99 | D13: =SUMIFS(Prices!C:C,Prices!A:A,A13,Prices!B:B,"S002") -> 3.24 | E13: =IF(C13=D13,"Tie",IF(C13<D13,"Fry's","Walmart")) -> Walmart
A14: P011 | B14: Avocados | C14: =SUMIFS(Prices!C:C,Prices!A:A,A14,Prices!B:B,"S001") -> 2.5 | D14: =SUMIFS(Prices!C:C,Prices!A:A,A14,Prices!B:B,"S002") -> 0.99 | E14: =IF(C14=D14,"Tie",IF(C14<D14,"Fry's","Walmart")) -> Walmart
A15: P012 | B15: Tomatoes | C15: =SUMIFS(Prices!C:C,Prices!A:A,A15,Prices!B:B,"S001") -> 1.49 | D15: =SUMIFS(Prices!C:C,Prices!A:A,A15,Prices!B:B,"S002") -> 0.97 | E15: =IF(C15=D15,"Tie",IF(C15<D15,"Fry's","Walmart")) -> Walmart
... A33: P030 | B33: Toilet Paper | C33: =SUMIFS(Prices!C:C,Prices!A:A,A33,Prices!B:B,"S001") -> 5 | D33: =SUMIFS(Prices!C:C,Prices!A:A,A33,Prices!B:B,"S002") -> 8.47 | E33: =IF(C33=D33,"Tie",IF(C33<D33,"Fry's","Walmart")) -> Fry's
